station,dataset,year,path,db.path,endung
Samoylov,SaMet1998,1998,/sparc/data/LTO/level1/SaMet1998/00_full_dataset/SaMet1998_1998_lv1_final.dat,/sparc/LTO/R_database/Time_series_preprocessing/sparcflags/shiny-server/LV1_Sa_flagger_update.R,1
Samoylov,SaMet1998,1999,/sparc/data/LTO/level1/SaMet1998/00_full_dataset/SaMet1998_1999_lv1_final.dat,/sparc/LTO/R_database/Time_series_preprocessing/sparcflags/shiny-server/LV1_Sa_flagger_update.R,1
Samoylov,SaMet1998,2000,/sparc/data/LTO/level1/SaMet1998/00_full_dataset/SaMet1998_2000_lv1_final.dat,/sparc/LTO/R_database/Time_series_preprocessing/sparcflags/shiny-server/LV1_Sa_flagger_update.R,1
Samoylov,SaMet1998,2001,/sparc/data/LTO/level1/SaMet1998/00_full_dataset/SaMet1998_2001_lv1_final.dat,/sparc/LTO/R_database/Time_series_preprocessing/sparcflags/shiny-server/LV1_Sa_flagger_update.R,1
Samoylov,SaMet1998,2002,/sparc/data/LTO/level1/SaMet1998/00_full_dataset/SaMet1998_2002_lv1_final.dat,/sparc/LTO/R_database/Time_series_preprocessing/sparcflags/shiny-server/LV1_Sa_flagger_update.R,1
Samoylov,SaSoil1998,1998,/sparc/data/LTO/level1/SaSoil1998/00_full_dataset/SaSoil1998_1998_lv1_final.dat,/sparc/LTO/R_database/Time_series_preprocessing/sparcflags/shiny-server/LV1_Sa_flagger_update.R,1
Samoylov,SaSoil1998,1999,/sparc/data/LTO/level1/SaSoil1998/00_full_dataset/SaSoil1998_1999_lv1_final.dat,/sparc/LTO/R_database/Time_series_preprocessing/sparcflags/shiny-server/LV1_Sa_flagger_update.R,1
Samoylov,SaSoil1998,2000,/sparc/data/LTO/level1/SaSoil1998/00_full_dataset/SaSoil1998_2000_lv1_final.dat,/sparc/LTO/R_database/Time_series_preprocessing/sparcflags/shiny-server/LV1_Sa_flagger_update.R,1
Samoylov,SaSoil1998,2001,/sparc/data/LTO/level1/SaSoil1998/00_full_dataset/SaSoil1998_2001_lv1_final.dat,/sparc/LTO/R_database/Time_series_preprocessing/sparcflags/shiny-server/LV1_Sa_flagger_update.R,1
Samoylov,SaSoil1998,2002,/sparc/data/LTO/level1/SaSoil1998/00_full_dataset/SaSoil1998_2002_lv1_final.dat,/sparc/LTO/R_database/Time_series_preprocessing/sparcflags/shiny-server/LV1_Sa_flagger_update.R,1
Samoylov,SaSoil2002,2002,/sparc/data/LTO/level1/SaSoil2002/00_full_dataset/SaSoil2002_2002_lv1_final.dat,/sparc/LTO/R_database/Time_series_preprocessing/sparcflags/shiny-server/LV1_Sa_flagger_update.R,1
Samoylov,SaSoil2002,2003,/sparc/data/LTO/level1/SaSoil2002/00_full_dataset/SaSoil2002_2003_lv1_final.dat,/sparc/LTO/R_database/Time_series_preprocessing/sparcflags/shiny-server/LV1_Sa_flagger_update.R,1
Samoylov,SaSoil2002,2004,/sparc/data/LTO/level1/SaSoil2002/00_full_dataset/SaSoil2002_2004_lv1_final.dat,/sparc/LTO/R_database/Time_series_preprocessing/sparcflags/shiny-server/LV1_Sa_flagger_update.R,1
Samoylov,SaSoil2002,2005,/sparc/data/LTO/level1/SaSoil2002/00_full_dataset/SaSoil2002_2005_lv1_final.dat,/sparc/LTO/R_database/Time_series_preprocessing/sparcflags/shiny-server/LV1_Sa_flagger_update.R,1
Samoylov,SaSoil2002,2006,/sparc/data/LTO/level1/SaSoil2002/00_full_dataset/SaSoil2002_2006_lv1_final.dat,/sparc/LTO/R_database/Time_series_preprocessing/sparcflags/shiny-server/LV1_Sa_flagger_update.R,1
Samoylov,SaSoil2002,2007,/sparc/data/LTO/level1/SaSoil2002/00_full_dataset/SaSoil2002_2007_lv1_final.dat,/sparc/LTO/R_database/Time_series_preprocessing/sparcflags/shiny-server/LV1_Sa_flagger_update.R,1
Samoylov,SaSoil2002,2008,/sparc/data/LTO/level1/SaSoil2002/00_full_dataset/SaSoil2002_2008_lv1_final.dat,/sparc/LTO/R_database/Time_series_preprocessing/sparcflags/shiny-server/LV1_Sa_flagger_update.R,1
Samoylov,SaSoil2002,2009,/sparc/data/LTO/level1/SaSoil2002/00_full_dataset/SaSoil2002_2009_lv1_final.dat,/sparc/LTO/R_database/Time_series_preprocessing/sparcflags/shiny-server/LV1_Sa_flagger_update.R,1
Samoylov,SaSoil2002,2010,/sparc/data/LTO/level1/SaSoil2002/00_full_dataset/SaSoil2002_2010_lv1_final.dat,/sparc/LTO/R_database/Time_series_preprocessing/sparcflags/shiny-server/LV1_Sa_flagger_update.R,1
Samoylov,SaSoil2002,2011,/sparc/data/LTO/level1/SaSoil2002/00_full_dataset/SaSoil2002_2011_lv1_final.dat,/sparc/LTO/R_database/Time_series_preprocessing/sparcflags/shiny-server/LV1_Sa_flagger_update.R,1
Samoylov,SaSoil2002,2012,/sparc/data/LTO/level1/SaSoil2002/00_full_dataset/SaSoil2002_2012_lv1_final.dat,/sparc/LTO/R_database/Time_series_preprocessing/sparcflags/shiny-server/LV1_Sa_flagger_update.R,1
Samoylov,SaSoil2002,2013,/sparc/data/LTO/level1/SaSoil2002/00_full_dataset/SaSoil2002_2013_lv1_final.dat,/sparc/LTO/R_database/Time_series_preprocessing/sparcflags/shiny-server/LV1_Sa_flagger_update.R,1
Samoylov,SaSoil2002,2014,/sparc/data/LTO/level1/SaSoil2002/00_full_dataset/SaSoil2002_2014_lv1_final.dat,/sparc/LTO/R_database/Time_series_preprocessing/sparcflags/shiny-server/LV1_Sa_flagger_update.R,1
Samoylov,SaSoil2002,2015,/sparc/data/LTO/level1/SaSoil2002/00_full_dataset/SaSoil2002_2015_lv1_final.dat,/sparc/LTO/R_database/Time_series_preprocessing/sparcflags/shiny-server/LV1_Sa_flagger_update.R,1
Samoylov,SaSoil2002,2016,/sparc/data/LTO/level1/SaSoil2002/00_full_dataset/SaSoil2002_2016_lv1_final.dat,/sparc/LTO/R_database/Time_series_preprocessing/sparcflags/shiny-server/LV1_Sa_flagger_update.R,1
Samoylov,SaSoil2002,2017,/sparc/data/LTO/level1/SaSoil2002/00_full_dataset/SaSoil2002_2017_lv1_final.dat,/sparc/LTO/R_database/Time_series_preprocessing/sparcflags/shiny-server/LV1_Sa_flagger_update.R,1
Samoylov,SaSoil2002,2018,/sparc/data/LTO/level1/SaSoil2002/00_full_dataset/SaSoil2002_2018_lv1_final.dat,/sparc/LTO/R_database/Time_series_preprocessing/sparcflags/shiny-server/LV1_Sa_flagger_update.R,1
Samoylov,SaSoil2002,2019,/sparc/data/LTO/level1/SaSoil2002/00_full_dataset/SaSoil2002_2019_lv1_final.dat,/sparc/LTO/R_database/Time_series_preprocessing/sparcflags/shiny-server/LV1_Sa_flagger_update.R,1
Samoylov,SaSoil2002,2020,/sparc/data/LTO/level1/SaSoil2002/00_full_dataset/SaSoil2002_2020_lv1_final.dat,/sparc/LTO/R_database/Time_series_preprocessing/sparcflags/shiny-server/LV1_Sa_flagger_update.R,1
Samoylov,SaSoil2002,2021,/sparc/data/LTO/level1/SaSoil2002/00_full_dataset/SaSoil2002_2021_lv1_final.dat,/sparc/LTO/R_database/Time_series_preprocessing/sparcflags/shiny-server/LV1_Sa_flagger_update.R,1
Samoylov,SaSoil2012,2012,/sparc/data/LTO/level1/SaSoil2012/00_full_dataset/SaSoil2012_2012_lv1_final.dat,/sparc/LTO/R_database/Time_series_preprocessing/sparcflags/shiny-server/LV1_Sa_flagger_update.R,1
Samoylov,SaSoil2012,2013,/sparc/data/LTO/level1/SaSoil2012/00_full_dataset/SaSoil2012_2013_lv1_final.dat,/sparc/LTO/R_database/Time_series_preprocessing/sparcflags/shiny-server/LV1_Sa_flagger_update.R,1
Samoylov,SaSoil2012,2014,/sparc/data/LTO/level1/SaSoil2012/00_full_dataset/SaSoil2012_2014_lv1_final.dat,/sparc/LTO/R_database/Time_series_preprocessing/sparcflags/shiny-server/LV1_Sa_flagger_update.R,1
Samoylov,SaSoil2012,2015,/sparc/data/LTO/level1/SaSoil2012/00_full_dataset/SaSoil2012_2015_lv1_final.dat,/sparc/LTO/R_database/Time_series_preprocessing/sparcflags/shiny-server/LV1_Sa_flagger_update.R,1
Samoylov,SaSoil2012,2016,/sparc/data/LTO/level1/SaSoil2012/00_full_dataset/SaSoil2012_2016_lv1_final.dat,/sparc/LTO/R_database/Time_series_preprocessing/sparcflags/shiny-server/LV1_Sa_flagger_update.R,1
Samoylov,SaSoil2012,2017,/sparc/data/LTO/level1/SaSoil2012/00_full_dataset/SaSoil2012_2017_lv1_final.dat,/sparc/LTO/R_database/Time_series_preprocessing/sparcflags/shiny-server/LV1_Sa_flagger_update.R,1
Samoylov,SaSoil2012,2018,/sparc/data/LTO/level1/SaSoil2012/00_full_dataset/SaSoil2012_2018_lv1_final.dat,/sparc/LTO/R_database/Time_series_preprocessing/sparcflags/shiny-server/LV1_Sa_flagger_update.R,1
Samoylov,SaSoil2012,2019,/sparc/data/LTO/level1/SaSoil2012/00_full_dataset/SaSoil2012_2019_lv1_final.dat,/sparc/LTO/R_database/Time_series_preprocessing/sparcflags/shiny-server/LV1_Sa_flagger_update.R,1
Samoylov,SaSoil2012,2020,/sparc/data/LTO/level1/SaSoil2012/00_full_dataset/SaSoil2012_2020_lv1_final.dat,/sparc/LTO/R_database/Time_series_preprocessing/sparcflags/shiny-server/LV1_Sa_flagger_update.R,1
Samoylov,SaSoil2012,2021,/sparc/data/LTO/level1/SaSoil2012/00_full_dataset/SaSoil2012_2021_lv1_final.dat,/sparc/LTO/R_database/Time_series_preprocessing/sparcflags/shiny-server/LV1_Sa_flagger_update.R,1
Samoylov,SaMet2002,2002,/sparc/data/LTO/level1/SaMet2002/00_full_dataset/SaMet2002_2002_lv1_final.dat,/sparc/LTO/R_database/Time_series_preprocessing/sparcflags/shiny-server/LV1_Sa_flagger_update.R,1
Samoylov,SaMet2002,2003,/sparc/data/LTO/level1/SaMet2002/00_full_dataset/SaMet2002_2003_lv1_final.dat,/sparc/LTO/R_database/Time_series_preprocessing/sparcflags/shiny-server/LV1_Sa_flagger_update.R,1
Samoylov,SaMet2002,2004,/sparc/data/LTO/level1/SaMet2002/00_full_dataset/SaMet2002_2004_lv1_final.dat,/sparc/LTO/R_database/Time_series_preprocessing/sparcflags/shiny-server/LV1_Sa_flagger_update.R,1
Samoylov,SaMet2002,2005,/sparc/data/LTO/level1/SaMet2002/00_full_dataset/SaMet2002_2005_lv1_final.dat,/sparc/LTO/R_database/Time_series_preprocessing/sparcflags/shiny-server/LV1_Sa_flagger_update.R,1
Samoylov,SaMet2002,2006,/sparc/data/LTO/level1/SaMet2002/00_full_dataset/SaMet2002_2006_lv1_final.dat,/sparc/LTO/R_database/Time_series_preprocessing/sparcflags/shiny-server/LV1_Sa_flagger_update.R,1
Samoylov,SaMet2002,2007,/sparc/data/LTO/level1/SaMet2002/00_full_dataset/SaMet2002_2007_lv1_final.dat,/sparc/LTO/R_database/Time_series_preprocessing/sparcflags/shiny-server/LV1_Sa_flagger_update.R,1
Samoylov,SaMet2002,2008,/sparc/data/LTO/level1/SaMet2002/00_full_dataset/SaMet2002_2008_lv1_final.dat,/sparc/LTO/R_database/Time_series_preprocessing/sparcflags/shiny-server/LV1_Sa_flagger_update.R,1
Samoylov,SaMet2002,2009,/sparc/data/LTO/level1/SaMet2002/00_full_dataset/SaMet2002_2009_lv1_final.dat,/sparc/LTO/R_database/Time_series_preprocessing/sparcflags/shiny-server/LV1_Sa_flagger_update.R,1
Samoylov,SaMet2002,2010,/sparc/data/LTO/level1/SaMet2002/00_full_dataset/SaMet2002_2010_lv1_final.dat,/sparc/LTO/R_database/Time_series_preprocessing/sparcflags/shiny-server/LV1_Sa_flagger_update.R,1
Samoylov,SaMet2002,2011,/sparc/data/LTO/level1/SaMet2002/00_full_dataset/SaMet2002_2011_lv1_final.dat,/sparc/LTO/R_database/Time_series_preprocessing/sparcflags/shiny-server/LV1_Sa_flagger_update.R,1
Samoylov,SaMet2002,2012,/sparc/data/LTO/level1/SaMet2002/00_full_dataset/SaMet2002_2012_lv1_final.dat,/sparc/LTO/R_database/Time_series_preprocessing/sparcflags/shiny-server/LV1_Sa_flagger_update.R,1
Samoylov,SaMet2002,2013,/sparc/data/LTO/level1/SaMet2002/00_full_dataset/SaMet2002_2013_lv1_final.dat,/sparc/LTO/R_database/Time_series_preprocessing/sparcflags/shiny-server/LV1_Sa_flagger_update.R,1
Samoylov,SaMet2002,2014,/sparc/data/LTO/level1/SaMet2002/00_full_dataset/SaMet2002_2014_lv1_final.dat,/sparc/LTO/R_database/Time_series_preprocessing/sparcflags/shiny-server/LV1_Sa_flagger_update.R,1
Samoylov,SaMet2002,2015,/sparc/data/LTO/level1/SaMet2002/00_full_dataset/SaMet2002_2015_lv1_final.dat,/sparc/LTO/R_database/Time_series_preprocessing/sparcflags/shiny-server/LV1_Sa_flagger_update.R,1
Samoylov,SaMet2002,2016,/sparc/data/LTO/level1/SaMet2002/00_full_dataset/SaMet2002_2016_lv1_final.dat,/sparc/LTO/R_database/Time_series_preprocessing/sparcflags/shiny-server/LV1_Sa_flagger_update.R,1
Samoylov,SaMet2002,2017,/sparc/data/LTO/level1/SaMet2002/00_full_dataset/SaMet2002_2017_lv1_final.dat,/sparc/LTO/R_database/Time_series_preprocessing/sparcflags/shiny-server/LV1_Sa_flagger_update.R,1
Samoylov,SaMet2002,2018,/sparc/data/LTO/level1/SaMet2002/00_full_dataset/SaMet2002_2018_lv1_final.dat,/sparc/LTO/R_database/Time_series_preprocessing/sparcflags/shiny-server/LV1_Sa_flagger_update.R,1
Samoylov,SaMet2002,2019,/sparc/data/LTO/level1/SaMet2002/00_full_dataset/SaMet2002_2019_lv1_final.dat,/sparc/LTO/R_database/Time_series_preprocessing/sparcflags/shiny-server/LV1_Sa_flagger_update.R,1
Samoylov,SaMet2002,2020,/sparc/data/LTO/level1/SaMet2002/00_full_dataset/SaMet2002_2020_lv1_final.dat,/sparc/LTO/R_database/Time_series_preprocessing/sparcflags/shiny-server/LV1_Sa_flagger_update.R,1
Samoylov,SaMet2002,2021,/sparc/data/LTO/level1/SaMet2002/00_full_dataset/SaMet2002_2021_lv1_final.dat,/sparc/LTO/R_database/Time_series_preprocessing/sparcflags/shiny-server/LV1_Sa_flagger_update.R,1
Samoylov,SaPrec2019,2019,/sparc/data/LTO/level1/SaPrec2019/00_full_dataset/SaPrec2019_2019_lv1_final.dat,/sparc/LTO/R_database/Time_series_preprocessing/sparcflags/shiny-server/LV1_Sa_flagger_update.R,1
Samoylov,SaPrec2019,2020,/sparc/data/LTO/level1/SaPrec2019/00_full_dataset/SaPrec2019_2020_lv1_final.dat,/sparc/LTO/R_database/Time_series_preprocessing/sparcflags/shiny-server/LV1_Sa_flagger_update.R,1
Samoylov,SaPrec2019,2021,/sparc/data/LTO/level1/SaPrec2019/00_full_dataset/SaPrec2019_2021_lv1_final.dat,/sparc/LTO/R_database/Time_series_preprocessing/sparcflags/shiny-server/LV1_Sa_flagger_update.R,1
Samoylov,SaHole2006,2006,/sparc/data/LTO/level1/SaHole2006/00_full_dataset/SaHole2006_2006_lv1_final.dat,/sparc/LTO/R_database/Time_series_preprocessing/sparcflags/shiny-server/LV1_Sa_flagger_update.R,1
Samoylov,SaHole2006,2007,/sparc/data/LTO/level1/SaHole2006/00_full_dataset/SaHole2006_2007_lv1_final.dat,/sparc/LTO/R_database/Time_series_preprocessing/sparcflags/shiny-server/LV1_Sa_flagger_update.R,1
Samoylov,SaHole2006,2008,/sparc/data/LTO/level1/SaHole2006/00_full_dataset/SaHole2006_2008_lv1_final.dat,/sparc/LTO/R_database/Time_series_preprocessing/sparcflags/shiny-server/LV1_Sa_flagger_update.R,1
Samoylov,SaHole2006,2009,/sparc/data/LTO/level1/SaHole2006/00_full_dataset/SaHole2006_2009_lv1_final.dat,/sparc/LTO/R_database/Time_series_preprocessing/sparcflags/shiny-server/LV1_Sa_flagger_update.R,1
Samoylov,SaHole2006,2010,/sparc/data/LTO/level1/SaHole2006/00_full_dataset/SaHole2006_2010_lv1_final.dat,/sparc/LTO/R_database/Time_series_preprocessing/sparcflags/shiny-server/LV1_Sa_flagger_update.R,1
Samoylov,SaHole2006,2011,/sparc/data/LTO/level1/SaHole2006/00_full_dataset/SaHole2006_2011_lv1_final.dat,/sparc/LTO/R_database/Time_series_preprocessing/sparcflags/shiny-server/LV1_Sa_flagger_update.R,1
Samoylov,SaHole2006,2012,/sparc/data/LTO/level1/SaHole2006/00_full_dataset/SaHole2006_2012_lv1_final.dat,/sparc/LTO/R_database/Time_series_preprocessing/sparcflags/shiny-server/LV1_Sa_flagger_update.R,1
Samoylov,SaHole2006,2013,/sparc/data/LTO/level1/SaHole2006/00_full_dataset/SaHole2006_2013_lv1_final.dat,/sparc/LTO/R_database/Time_series_preprocessing/sparcflags/shiny-server/LV1_Sa_flagger_update.R,1
Samoylov,SaHole2006,2014,/sparc/data/LTO/level1/SaHole2006/00_full_dataset/SaHole2006_2014_lv1_final.dat,/sparc/LTO/R_database/Time_series_preprocessing/sparcflags/shiny-server/LV1_Sa_flagger_update.R,1
Samoylov,SaHole2006,2015,/sparc/data/LTO/level1/SaHole2006/00_full_dataset/SaHole2006_2015_lv1_final.dat,/sparc/LTO/R_database/Time_series_preprocessing/sparcflags/shiny-server/LV1_Sa_flagger_update.R,1
Samoylov,SaHole2006,2016,/sparc/data/LTO/level1/SaHole2006/00_full_dataset/SaHole2006_2016_lv1_final.dat,/sparc/LTO/R_database/Time_series_preprocessing/sparcflags/shiny-server/LV1_Sa_flagger_update.R,1
Samoylov,SaHole2006,2017,/sparc/data/LTO/level1/SaHole2006/00_full_dataset/SaHole2006_2017_lv1_final.dat,/sparc/LTO/R_database/Time_series_preprocessing/sparcflags/shiny-server/LV1_Sa_flagger_update.R,1
Samoylov,SaHole2006,2018,/sparc/data/LTO/level1/SaHole2006/00_full_dataset/SaHole2006_2018_lv1_final.dat,/sparc/LTO/R_database/Time_series_preprocessing/sparcflags/shiny-server/LV1_Sa_flagger_update.R,1
Samoylov,SaHole2006,2019,/sparc/data/LTO/level1/SaHole2006/00_full_dataset/SaHole2006_2019_lv1_final.dat,/sparc/LTO/R_database/Time_series_preprocessing/sparcflags/shiny-server/LV1_Sa_flagger_update.R,1
Samoylov,SaHole2010,2010,/sparc/data/LTO/level1/SaHole2010/00_full_dataset/SaHole2010_2010_lv1_final.dat,/sparc/LTO/R_database/Time_series_preprocessing/sparcflags/shiny-server/LV1_Sa_flagger_update.R,1
Samoylov,SaHole2010,2011,/sparc/data/LTO/level1/SaHole2010/00_full_dataset/SaHole2010_2011_lv1_final.dat,/sparc/LTO/R_database/Time_series_preprocessing/sparcflags/shiny-server/LV1_Sa_flagger_update.R,1
Samoylov,SaHole2010,2012,/sparc/data/LTO/level1/SaHole2010/00_full_dataset/SaHole2010_2012_lv1_final.dat,/sparc/LTO/R_database/Time_series_preprocessing/sparcflags/shiny-server/LV1_Sa_flagger_update.R,1
Samoylov,SaHole2010,2013,/sparc/data/LTO/level1/SaHole2010/00_full_dataset/SaHole2010_2013_lv1_final.dat,/sparc/LTO/R_database/Time_series_preprocessing/sparcflags/shiny-server/LV1_Sa_flagger_update.R,1
Samoylov,SaHole2010,2014,/sparc/data/LTO/level1/SaHole2010/00_full_dataset/SaHole2010_2014_lv1_final.dat,/sparc/LTO/R_database/Time_series_preprocessing/sparcflags/shiny-server/LV1_Sa_flagger_update.R,1
Samoylov,SaHole2010,2015,/sparc/data/LTO/level1/SaHole2010/00_full_dataset/SaHole2010_2015_lv1_final.dat,/sparc/LTO/R_database/Time_series_preprocessing/sparcflags/shiny-server/LV1_Sa_flagger_update.R,1
Samoylov,SaHole2010,2016,/sparc/data/LTO/level1/SaHole2010/00_full_dataset/SaHole2010_2016_lv1_final.dat,/sparc/LTO/R_database/Time_series_preprocessing/sparcflags/shiny-server/LV1_Sa_flagger_update.R,1
Samoylov,SaHole2010,2017,/sparc/data/LTO/level1/SaHole2010/00_full_dataset/SaHole2010_2017_lv1_final.dat,/sparc/LTO/R_database/Time_series_preprocessing/sparcflags/shiny-server/LV1_Sa_flagger_update.R,1
Samoylov,SaHole2018,2018,/sparc/data/LTO/level1/SaHole2018/00_full_dataset/SaHole2018_2018_lv1_final.dat,/sparc/LTO/R_database/Time_series_preprocessing/sparcflags/shiny-server/LV1_Sa_flagger_update.R,1
Samoylov,SaHole2018,2019,/sparc/data/LTO/level1/SaHole2018/00_full_dataset/SaHole2018_2019_lv1_final.dat,/sparc/LTO/R_database/Time_series_preprocessing/sparcflags/shiny-server/LV1_Sa_flagger_update.R,1
Samoylov,SaPond2006,2006,/sparc/data/LTO/level1/SaPond2006/00_full_dataset/SaPond2006_2006_lv1_final.dat,/sparc/LTO/R_database/Time_series_preprocessing/sparcflags/shiny-server/LV1_Sa_flagger_update.R,1
Samoylov,SaPond2006,2007,/sparc/data/LTO/level1/SaPond2006/00_full_dataset/SaPond2006_2007_lv1_final.dat,/sparc/LTO/R_database/Time_series_preprocessing/sparcflags/shiny-server/LV1_Sa_flagger_update.R,1
Samoylov,SaPond2006,2008,/sparc/data/LTO/level1/SaPond2006/00_full_dataset/SaPond2006_2008_lv1_final.dat,/sparc/LTO/R_database/Time_series_preprocessing/sparcflags/shiny-server/LV1_Sa_flagger_update.R,1
Samoylov,SaPond2006,2009,/sparc/data/LTO/level1/SaPond2006/00_full_dataset/SaPond2006_2009_lv1_final.dat,/sparc/LTO/R_database/Time_series_preprocessing/sparcflags/shiny-server/LV1_Sa_flagger_update.R,1
Samoylov,SaPond2006,2010,/sparc/data/LTO/level1/SaPond2006/00_full_dataset/SaPond2006_2010_lv1_final.dat,/sparc/LTO/R_database/Time_series_preprocessing/sparcflags/shiny-server/LV1_Sa_flagger_update.R,1
Samoylov,SaPond2006,2011,/sparc/data/LTO/level1/SaPond2006/00_full_dataset/SaPond2006_2011_lv1_final.dat,/sparc/LTO/R_database/Time_series_preprocessing/sparcflags/shiny-server/LV1_Sa_flagger_update.R,1
Samoylov,SaPond2006,2012,/sparc/data/LTO/level1/SaPond2006/00_full_dataset/SaPond2006_2012_lv1_final.dat,/sparc/LTO/R_database/Time_series_preprocessing/sparcflags/shiny-server/LV1_Sa_flagger_update.R,1
Samoylov,SaPond2006,2013,/sparc/data/LTO/level1/SaPond2006/00_full_dataset/SaPond2006_2013_lv1_final.dat,/sparc/LTO/R_database/Time_series_preprocessing/sparcflags/shiny-server/LV1_Sa_flagger_update.R,1
Samoylov,SaPond2006,2014,/sparc/data/LTO/level1/SaPond2006/00_full_dataset/SaPond2006_2014_lv1_final.dat,/sparc/LTO/R_database/Time_series_preprocessing/sparcflags/shiny-server/LV1_Sa_flagger_update.R,1
Samoylov,SaPond2014,2014,/sparc/data/LTO/level1/SaPond2014/00_full_dataset/SaPond2014_2014_lv1_final.dat,/sparc/LTO/R_database/Time_series_preprocessing/sparcflags/shiny-server/LV1_Sa_flagger_update.R,1
Samoylov,SaPond2014,2015,/sparc/data/LTO/level1/SaPond2014/00_full_dataset/SaPond2014_2015_lv1_final.dat,/sparc/LTO/R_database/Time_series_preprocessing/sparcflags/shiny-server/LV1_Sa_flagger_update.R,1
Samoylov,SaPond2014,2016,/sparc/data/LTO/level1/SaPond2014/00_full_dataset/SaPond2014_2016_lv1_final.dat,/sparc/LTO/R_database/Time_series_preprocessing/sparcflags/shiny-server/LV1_Sa_flagger_update.R,1
Samoylov,SaPond2014,2017,/sparc/data/LTO/level1/SaPond2014/00_full_dataset/SaPond2014_2017_lv1_final.dat,/sparc/LTO/R_database/Time_series_preprocessing/sparcflags/shiny-server/LV1_Sa_flagger_update.R,1
Samoylov,SaPond2014,2018,/sparc/data/LTO/level1/SaPond2014/00_full_dataset/SaPond2014_2018_lv1_final.dat,/sparc/LTO/R_database/Time_series_preprocessing/sparcflags/shiny-server/LV1_Sa_flagger_update.R,1
Samoylov,SaPond2014,2019,/sparc/data/LTO/level1/SaPond2014/00_full_dataset/SaPond2014_2019_lv1_final.dat,/sparc/LTO/R_database/Time_series_preprocessing/sparcflags/shiny-server/LV1_Sa_flagger_update.R,1
Samoylov,SaSnow2012,2012,/sparc/data/LTO/level1/SaSnow2012/00_full_dataset/SaSnow2012_2012_lv1_final.dat,/sparc/LTO/R_database/Time_series_preprocessing/sparcflags/shiny-server/LV1_Sa_flagger_update.R,1
Samoylov,SaSnow2012,2013,/sparc/data/LTO/level1/SaSnow2012/00_full_dataset/SaSnow2012_2013_lv1_final.dat,/sparc/LTO/R_database/Time_series_preprocessing/sparcflags/shiny-server/LV1_Sa_flagger_update.R,1
Samoylov,SaSnow2012,2014,/sparc/data/LTO/level1/SaSnow2012/00_full_dataset/SaSnow2012_2014_lv1_final.dat,/sparc/LTO/R_database/Time_series_preprocessing/sparcflags/shiny-server/LV1_Sa_flagger_update.R,1
Samoylov,SaSnow2012,2015,/sparc/data/LTO/level1/SaSnow2012/00_full_dataset/SaSnow2012_2015_lv1_final.dat,/sparc/LTO/R_database/Time_series_preprocessing/sparcflags/shiny-server/LV1_Sa_flagger_update.R,1
Samoylov,SaSnow2012,2016,/sparc/data/LTO/level1/SaSnow2012/00_full_dataset/SaSnow2012_2016_lv1_final.dat,/sparc/LTO/R_database/Time_series_preprocessing/sparcflags/shiny-server/LV1_Sa_flagger_update.R,1
Samoylov,SaSnow2012,2017,/sparc/data/LTO/level1/SaSnow2012/00_full_dataset/SaSnow2012_2017_lv1_final.dat,/sparc/LTO/R_database/Time_series_preprocessing/sparcflags/shiny-server/LV1_Sa_flagger_update.R,1
Samoylov,SaSnow2012,2018,/sparc/data/LTO/level1/SaSnow2012/00_full_dataset/SaSnow2012_2018_lv1_final.dat,/sparc/LTO/R_database/Time_series_preprocessing/sparcflags/shiny-server/LV1_Sa_flagger_update.R,1
Samoylov,SaSnow2012,2019,/sparc/data/LTO/level1/SaSnow2012/00_full_dataset/SaSnow2012_2019_lv1_final.dat,/sparc/LTO/R_database/Time_series_preprocessing/sparcflags/shiny-server/LV1_Sa_flagger_update.R,1
Samoylov,SaSnow2012,2020,/sparc/data/LTO/level1/SaSnow2012/00_full_dataset/SaSnow2012_2020_lv1_final.dat,/sparc/LTO/R_database/Time_series_preprocessing/sparcflags/shiny-server/LV1_Sa_flagger_update.R,1
Samoylov,SaSnow2012,2021,/sparc/data/LTO/level1/SaSnow2012/00_full_dataset/SaSnow2012_2021_lv1_final.dat,/sparc/LTO/R_database/Time_series_preprocessing/sparcflags/shiny-server/LV1_Sa_flagger_update.R,1
Samoylov,SaSnow2016,2016,/sparc/data/LTO/level1/SaSnow2016/00_full_dataset/SaSnow2016_2016_lv1_final.dat,/sparc/LTO/R_database/Time_series_preprocessing/sparcflags/shiny-server/LV1_Sa_flagger_update.R,1
Samoylov,SaSnow2016,2017,/sparc/data/LTO/level1/SaSnow2016/00_full_dataset/SaSnow2016_2017_lv1_final.dat,/sparc/LTO/R_database/Time_series_preprocessing/sparcflags/shiny-server/LV1_Sa_flagger_update.R,1
Samoylov,SaSnow2016,2018,/sparc/data/LTO/level1/SaSnow2016/00_full_dataset/SaSnow2016_2018_lv1_final.dat,/sparc/LTO/R_database/Time_series_preprocessing/sparcflags/shiny-server/LV1_Sa_flagger_update.R,1
Samoylov,SaSnow2016,2019,/sparc/data/LTO/level1/SaSnow2016/00_full_dataset/SaSnow2016_2019_lv1_final.dat,/sparc/LTO/R_database/Time_series_preprocessing/sparcflags/shiny-server/LV1_Sa_flagger_update.R,1
Bayelva,BaMet1998,1998,/sparc/data/LTO/level1/BaMet1998/00_full_dataset/BaMet1998_1998_lv1_final.dat,/sparc/LTO/R_database/Time_series_preprocessing/sparcflags/shiny-server/LV1_Ba_flagger_update.R,1
Bayelva,BaMet1998,1999,/sparc/data/LTO/level1/BaMet1998/00_full_dataset/BaMet1998_1999_lv1_final.dat,/sparc/LTO/R_database/Time_series_preprocessing/sparcflags/shiny-server/LV1_Ba_flagger_update.R,1
Bayelva,BaMet1998,2000,/sparc/data/LTO/level1/BaMet1998/00_full_dataset/BaMet1998_2000_lv1_final.dat,/sparc/LTO/R_database/Time_series_preprocessing/sparcflags/shiny-server/LV1_Ba_flagger_update.R,1
Bayelva,BaMet1998,2001,/sparc/data/LTO/level1/BaMet1998/00_full_dataset/BaMet1998_2001_lv1_final.dat,/sparc/LTO/R_database/Time_series_preprocessing/sparcflags/shiny-server/LV1_Ba_flagger_update.R,1
Bayelva,BaMet1998,2002,/sparc/data/LTO/level1/BaMet1998/00_full_dataset/BaMet1998_2002_lv1_final.dat,/sparc/LTO/R_database/Time_series_preprocessing/sparcflags/shiny-server/LV1_Ba_flagger_update.R,1
Bayelva,BaMet1998,2003,/sparc/data/LTO/level1/BaMet1998/00_full_dataset/BaMet1998_2003_lv1_final.dat,/sparc/LTO/R_database/Time_series_preprocessing/sparcflags/shiny-server/LV1_Ba_flagger_update.R,1
Bayelva,BaMet1998,2004,/sparc/data/LTO/level1/BaMet1998/00_full_dataset/BaMet1998_2004_lv1_final.dat,/sparc/LTO/R_database/Time_series_preprocessing/sparcflags/shiny-server/LV1_Ba_flagger_update.R,1
Bayelva,BaMet1998,2005,/sparc/data/LTO/level1/BaMet1998/00_full_dataset/BaMet1998_2005_lv1_final.dat,/sparc/LTO/R_database/Time_series_preprocessing/sparcflags/shiny-server/LV1_Ba_flagger_update.R,1
Bayelva,BaMet1998,2006,/sparc/data/LTO/level1/BaMet1998/00_full_dataset/BaMet1998_2006_lv1_final.dat,/sparc/LTO/R_database/Time_series_preprocessing/sparcflags/shiny-server/LV1_Ba_flagger_update.R,1
Bayelva,BaMet1998,2007,/sparc/data/LTO/level1/BaMet1998/00_full_dataset/BaMet1998_2007_lv1_final.dat,/sparc/LTO/R_database/Time_series_preprocessing/sparcflags/shiny-server/LV1_Ba_flagger_update.R,1
Bayelva,BaMet1998,2008,/sparc/data/LTO/level1/BaMet1998/00_full_dataset/BaMet1998_2008_lv1_final.dat,/sparc/LTO/R_database/Time_series_preprocessing/sparcflags/shiny-server/LV1_Ba_flagger_update.R,1
Bayelva,BaMet1998,2009,/sparc/data/LTO/level1/BaMet1998/00_full_dataset/BaMet1998_2009_lv1_final.dat,/sparc/LTO/R_database/Time_series_preprocessing/sparcflags/shiny-server/LV1_Ba_flagger_update.R,1
Bayelva,BaMet1998,2010,/sparc/data/LTO/level1/BaMet1998/00_full_dataset/BaMet1998_2010_lv1_final.dat,/sparc/LTO/R_database/Time_series_preprocessing/sparcflags/shiny-server/LV1_Ba_flagger_update.R,1
Bayelva,BaMet1998,2011,/sparc/data/LTO/level1/BaMet1998/00_full_dataset/BaMet1998_2011_lv1_final.dat,/sparc/LTO/R_database/Time_series_preprocessing/sparcflags/shiny-server/LV1_Ba_flagger_update.R,1
Bayelva,BaMet1998,2012,/sparc/data/LTO/level1/BaMet1998/00_full_dataset/BaMet1998_2012_lv1_final.dat,/sparc/LTO/R_database/Time_series_preprocessing/sparcflags/shiny-server/LV1_Ba_flagger_update.R,1
Bayelva,BaMet2009,2009,/sparc/data/LTO/level1/BaMet2009/00_full_dataset/BaMet2009_2009_lv1_final.dat,/sparc/LTO/R_database/Time_series_preprocessing/sparcflags/shiny-server/LV1_Ba_flagger_update.R,1
Bayelva,BaMet2009,2010,/sparc/data/LTO/level1/BaMet2009/00_full_dataset/BaMet2009_2010_lv1_final.dat,/sparc/LTO/R_database/Time_series_preprocessing/sparcflags/shiny-server/LV1_Ba_flagger_update.R,1
Bayelva,BaMet2009,2011,/sparc/data/LTO/level1/BaMet2009/00_full_dataset/BaMet2009_2011_lv1_final.dat,/sparc/LTO/R_database/Time_series_preprocessing/sparcflags/shiny-server/LV1_Ba_flagger_update.R,1
Bayelva,BaMet2009,2012,/sparc/data/LTO/level1/BaMet2009/00_full_dataset/BaMet2009_2012_lv1_final.dat,/sparc/LTO/R_database/Time_series_preprocessing/sparcflags/shiny-server/LV1_Ba_flagger_update.R,1
Bayelva,BaMet2009,2013,/sparc/data/LTO/level1/BaMet2009/00_full_dataset/BaMet2009_2013_lv1_final.dat,/sparc/LTO/R_database/Time_series_preprocessing/sparcflags/shiny-server/LV1_Ba_flagger_update.R,1
Bayelva,BaMet2009,2014,/sparc/data/LTO/level1/BaMet2009/00_full_dataset/BaMet2009_2014_lv1_final.dat,/sparc/LTO/R_database/Time_series_preprocessing/sparcflags/shiny-server/LV1_Ba_flagger_update.R,1
Bayelva,BaMet2009,2015,/sparc/data/LTO/level1/BaMet2009/00_full_dataset/BaMet2009_2015_lv1_final.dat,/sparc/LTO/R_database/Time_series_preprocessing/sparcflags/shiny-server/LV1_Ba_flagger_update.R,1
Bayelva,BaMet2009,2016,/sparc/data/LTO/level1/BaMet2009/00_full_dataset/BaMet2009_2016_lv1_final.dat,/sparc/LTO/R_database/Time_series_preprocessing/sparcflags/shiny-server/LV1_Ba_flagger_update.R,1
Bayelva,BaMet2009,2017,/sparc/data/LTO/level1/BaMet2009/00_full_dataset/BaMet2009_2017_lv1_final.dat,/sparc/LTO/R_database/Time_series_preprocessing/sparcflags/shiny-server/LV1_Ba_flagger_update.R,1
Bayelva,BaMet2009,2018,/sparc/data/LTO/level1/BaMet2009/00_full_dataset/BaMet2009_2018_lv1_final.dat,/sparc/LTO/R_database/Time_series_preprocessing/sparcflags/shiny-server/LV1_Ba_flagger_update.R,1
Bayelva,BaMet2009,2019,/sparc/data/LTO/level1/BaMet2009/00_full_dataset/BaMet2009_2019_lv1_final.dat,/sparc/LTO/R_database/Time_series_preprocessing/sparcflags/shiny-server/LV1_Ba_flagger_update.R,1
Bayelva,BaMet2009,2020,/sparc/data/LTO/level1/BaMet2009/00_full_dataset/BaMet2009_2020_lv1_final.dat,/sparc/LTO/R_database/Time_series_preprocessing/sparcflags/shiny-server/LV1_Ba_flagger_update.R,1
Bayelva,BaMet2009,2021,/sparc/data/LTO/level1/BaMet2009/00_full_dataset/BaMet2009_2021_lv1_final.dat,/sparc/LTO/R_database/Time_series_preprocessing/sparcflags/shiny-server/LV1_Ba_flagger_update.R,1
Bayelva,BaSoil1998,1998,/sparc/data/LTO/level1/BaSoil1998/00_full_dataset/BaSoil1998_1998_lv1_final.dat,/sparc/LTO/R_database/Time_series_preprocessing/sparcflags/shiny-server/LV1_Ba_flagger_update.R,1
Bayelva,BaSoil1998,1999,/sparc/data/LTO/level1/BaSoil1998/00_full_dataset/BaSoil1998_1999_lv1_final.dat,/sparc/LTO/R_database/Time_series_preprocessing/sparcflags/shiny-server/LV1_Ba_flagger_update.R,1
Bayelva,BaSoil1998,2000,/sparc/data/LTO/level1/BaSoil1998/00_full_dataset/BaSoil1998_2000_lv1_final.dat,/sparc/LTO/R_database/Time_series_preprocessing/sparcflags/shiny-server/LV1_Ba_flagger_update.R,1
Bayelva,BaSoil1998,2001,/sparc/data/LTO/level1/BaSoil1998/00_full_dataset/BaSoil1998_2001_lv1_final.dat,/sparc/LTO/R_database/Time_series_preprocessing/sparcflags/shiny-server/LV1_Ba_flagger_update.R,1
Bayelva,BaSoil1998,2002,/sparc/data/LTO/level1/BaSoil1998/00_full_dataset/BaSoil1998_2002_lv1_final.dat,/sparc/LTO/R_database/Time_series_preprocessing/sparcflags/shiny-server/LV1_Ba_flagger_update.R,1
Bayelva,BaSoil1998,2003,/sparc/data/LTO/level1/BaSoil1998/00_full_dataset/BaSoil1998_2003_lv1_final.dat,/sparc/LTO/R_database/Time_series_preprocessing/sparcflags/shiny-server/LV1_Ba_flagger_update.R,1
Bayelva,BaSoil1998,2004,/sparc/data/LTO/level1/BaSoil1998/00_full_dataset/BaSoil1998_2004_lv1_final.dat,/sparc/LTO/R_database/Time_series_preprocessing/sparcflags/shiny-server/LV1_Ba_flagger_update.R,1
Bayelva,BaSoil1998,2005,/sparc/data/LTO/level1/BaSoil1998/00_full_dataset/BaSoil1998_2005_lv1_final.dat,/sparc/LTO/R_database/Time_series_preprocessing/sparcflags/shiny-server/LV1_Ba_flagger_update.R,1
Bayelva,BaSoil1998,2006,/sparc/data/LTO/level1/BaSoil1998/00_full_dataset/BaSoil1998_2006_lv1_final.dat,/sparc/LTO/R_database/Time_series_preprocessing/sparcflags/shiny-server/LV1_Ba_flagger_update.R,1
Bayelva,BaSoil1998,2007,/sparc/data/LTO/level1/BaSoil1998/00_full_dataset/BaSoil1998_2007_lv1_final.dat,/sparc/LTO/R_database/Time_series_preprocessing/sparcflags/shiny-server/LV1_Ba_flagger_update.R,1
Bayelva,BaSoil1998,2008,/sparc/data/LTO/level1/BaSoil1998/00_full_dataset/BaSoil1998_2008_lv1_final.dat,/sparc/LTO/R_database/Time_series_preprocessing/sparcflags/shiny-server/LV1_Ba_flagger_update.R,1
Bayelva,BaSoil1998,2009,/sparc/data/LTO/level1/BaSoil1998/00_full_dataset/BaSoil1998_2009_lv1_final.dat,/sparc/LTO/R_database/Time_series_preprocessing/sparcflags/shiny-server/LV1_Ba_flagger_update.R,1
Bayelva,BaSoil1998,2010,/sparc/data/LTO/level1/BaSoil1998/00_full_dataset/BaSoil1998_2010_lv1_final.dat,/sparc/LTO/R_database/Time_series_preprocessing/sparcflags/shiny-server/LV1_Ba_flagger_update.R,1
Bayelva,BaSoil1998,2011,/sparc/data/LTO/level1/BaSoil1998/00_full_dataset/BaSoil1998_2011_lv1_final.dat,/sparc/LTO/R_database/Time_series_preprocessing/sparcflags/shiny-server/LV1_Ba_flagger_update.R,1
Bayelva,BaSoil1998,2012,/sparc/data/LTO/level1/BaSoil1998/00_full_dataset/BaSoil1998_2012_lv1_final.dat,/sparc/LTO/R_database/Time_series_preprocessing/sparcflags/shiny-server/LV1_Ba_flagger_update.R,1
Bayelva,BaSoil2009,2009,/sparc/data/LTO/level1/BaSoil2009/00_full_dataset/BaSoil2009_2009_lv1_final.dat,/sparc/LTO/R_database/Time_series_preprocessing/sparcflags/shiny-server/LV1_Ba_flagger_update.R,1
Bayelva,BaSoil2009,2010,/sparc/data/LTO/level1/BaSoil2009/00_full_dataset/BaSoil2009_2010_lv1_final.dat,/sparc/LTO/R_database/Time_series_preprocessing/sparcflags/shiny-server/LV1_Ba_flagger_update.R,1
Bayelva,BaSoil2009,2011,/sparc/data/LTO/level1/BaSoil2009/00_full_dataset/BaSoil2009_2011_lv1_final.dat,/sparc/LTO/R_database/Time_series_preprocessing/sparcflags/shiny-server/LV1_Ba_flagger_update.R,1
Bayelva,BaSoil2009,2012,/sparc/data/LTO/level1/BaSoil2009/00_full_dataset/BaSoil2009_2012_lv1_final.dat,/sparc/LTO/R_database/Time_series_preprocessing/sparcflags/shiny-server/LV1_Ba_flagger_update.R,1
Bayelva,BaSoil2009,2013,/sparc/data/LTO/level1/BaSoil2009/00_full_dataset/BaSoil2009_2013_lv1_final.dat,/sparc/LTO/R_database/Time_series_preprocessing/sparcflags/shiny-server/LV1_Ba_flagger_update.R,1
Bayelva,BaSoil2009,2014,/sparc/data/LTO/level1/BaSoil2009/00_full_dataset/BaSoil2009_2014_lv1_final.dat,/sparc/LTO/R_database/Time_series_preprocessing/sparcflags/shiny-server/LV1_Ba_flagger_update.R,1
Bayelva,BaSoil2009,2015,/sparc/data/LTO/level1/BaSoil2009/00_full_dataset/BaSoil2009_2015_lv1_final.dat,/sparc/LTO/R_database/Time_series_preprocessing/sparcflags/shiny-server/LV1_Ba_flagger_update.R,1
Bayelva,BaSoil2009,2016,/sparc/data/LTO/level1/BaSoil2009/00_full_dataset/BaSoil2009_2016_lv1_final.dat,/sparc/LTO/R_database/Time_series_preprocessing/sparcflags/shiny-server/LV1_Ba_flagger_update.R,1
Bayelva,BaSoil2009,2017,/sparc/data/LTO/level1/BaSoil2009/00_full_dataset/BaSoil2009_2017_lv1_final.dat,/sparc/LTO/R_database/Time_series_preprocessing/sparcflags/shiny-server/LV1_Ba_flagger_update.R,1
Bayelva,BaSoil2009,2018,/sparc/data/LTO/level1/BaSoil2009/00_full_dataset/BaSoil2009_2018_lv1_final.dat,/sparc/LTO/R_database/Time_series_preprocessing/sparcflags/shiny-server/LV1_Ba_flagger_update.R,1
Bayelva,BaSoil2009,2019,/sparc/data/LTO/level1/BaSoil2009/00_full_dataset/BaSoil2009_2019_lv1_final.dat,/sparc/LTO/R_database/Time_series_preprocessing/sparcflags/shiny-server/LV1_Ba_flagger_update.R,1
Bayelva,BaSoil2009,2020,/sparc/data/LTO/level1/BaSoil2009/00_full_dataset/BaSoil2009_2020_lv1_final.dat,/sparc/LTO/R_database/Time_series_preprocessing/sparcflags/shiny-server/LV1_Ba_flagger_update.R,1
Bayelva,BaSoil2009,2021,/sparc/data/LTO/level1/BaSoil2009/00_full_dataset/BaSoil2009_2021_lv1_final.dat,/sparc/LTO/R_database/Time_series_preprocessing/sparcflags/shiny-server/LV1_Ba_flagger_update.R,1
Bayelva,BaSoil2017,2017,/sparc/data/LTO/level1/BaSoil2017/00_full_dataset/BaSoil2017_2017_lv1_final.dat,/sparc/LTO/R_database/Time_series_preprocessing/sparcflags/shiny-server/LV1_Ba_flagger_update.R,1
Bayelva,BaSoil2017,2018,/sparc/data/LTO/level1/BaSoil2017/00_full_dataset/BaSoil2017_2018_lv1_final.dat,/sparc/LTO/R_database/Time_series_preprocessing/sparcflags/shiny-server/LV1_Ba_flagger_update.R,1
Bayelva,BaSoil2017,2019,/sparc/data/LTO/level1/BaSoil2017/00_full_dataset/BaSoil2017_2019_lv1_final.dat,/sparc/LTO/R_database/Time_series_preprocessing/sparcflags/shiny-server/LV1_Ba_flagger_update.R,1
Bayelva,BaSoil2017,2020,/sparc/data/LTO/level1/BaSoil2017/00_full_dataset/BaSoil2017_2020_lv1_final.dat,/sparc/LTO/R_database/Time_series_preprocessing/sparcflags/shiny-server/LV1_Ba_flagger_update.R,1
Bayelva,BaSoil2017,2021,/sparc/data/LTO/level1/BaSoil2017/00_full_dataset/BaSoil2017_2021_lv1_final.dat,/sparc/LTO/R_database/Time_series_preprocessing/sparcflags/shiny-server/LV1_Ba_flagger_update.R,1
Bayelva,BaHole2009,2009,/sparc/data/LTO/level1/BaHole2009/00_full_dataset/BaHole2009_2009_lv1_final.dat,/sparc/LTO/R_database/Time_series_preprocessing/sparcflags/shiny-server/LV1_Ba_flagger_update.R,1
Bayelva,BaHole2009,2010,/sparc/data/LTO/level1/BaHole2009/00_full_dataset/BaHole2009_2010_lv1_final.dat,/sparc/LTO/R_database/Time_series_preprocessing/sparcflags/shiny-server/LV1_Ba_flagger_update.R,1
Bayelva,BaHole2009,2011,/sparc/data/LTO/level1/BaHole2009/00_full_dataset/BaHole2009_2011_lv1_final.dat,/sparc/LTO/R_database/Time_series_preprocessing/sparcflags/shiny-server/LV1_Ba_flagger_update.R,1
Bayelva,BaHole2009,2012,/sparc/data/LTO/level1/BaHole2009/00_full_dataset/BaHole2009_2012_lv1_final.dat,/sparc/LTO/R_database/Time_series_preprocessing/sparcflags/shiny-server/LV1_Ba_flagger_update.R,1
Bayelva,BaHole2009,2013,/sparc/data/LTO/level1/BaHole2009/00_full_dataset/BaHole2009_2013_lv1_final.dat,/sparc/LTO/R_database/Time_series_preprocessing/sparcflags/shiny-server/LV1_Ba_flagger_update.R,1
Bayelva,BaHole2009,2014,/sparc/data/LTO/level1/BaHole2009/00_full_dataset/BaHole2009_2014_lv1_final.dat,/sparc/LTO/R_database/Time_series_preprocessing/sparcflags/shiny-server/LV1_Ba_flagger_update.R,1
Bayelva,BaHole2009,2015,/sparc/data/LTO/level1/BaHole2009/00_full_dataset/BaHole2009_2015_lv1_final.dat,/sparc/LTO/R_database/Time_series_preprocessing/sparcflags/shiny-server/LV1_Ba_flagger_update.R,1
Bayelva,BaHole2009,2016,/sparc/data/LTO/level1/BaHole2009/00_full_dataset/BaHole2009_2016_lv1_final.dat,/sparc/LTO/R_database/Time_series_preprocessing/sparcflags/shiny-server/LV1_Ba_flagger_update.R,1
Bayelva,BaHole2009,2017,/sparc/data/LTO/level1/BaHole2009/00_full_dataset/BaHole2009_2017_lv1_final.dat,/sparc/LTO/R_database/Time_series_preprocessing/sparcflags/shiny-server/LV1_Ba_flagger_update.R,1
Bayelva,BaHole2009,2018,/sparc/data/LTO/level1/BaHole2009/00_full_dataset/BaHole2009_2018_lv1_final.dat,/sparc/LTO/R_database/Time_series_preprocessing/sparcflags/shiny-server/LV1_Ba_flagger_update.R,1
Bayelva,BaHole2009,2019,/sparc/data/LTO/level1/BaHole2009/00_full_dataset/BaHole2009_2019_lv1_final.dat,/sparc/LTO/R_database/Time_series_preprocessing/sparcflags/shiny-server/LV1_Ba_flagger_update.R,1
Bayelva,BaHole2009,2020,/sparc/data/LTO/level1/BaHole2009/00_full_dataset/BaHole2009_2020_lv1_final.dat,/sparc/LTO/R_database/Time_series_preprocessing/sparcflags/shiny-server/LV1_Ba_flagger_update.R,1
Bayelva,BaHole2009,2021,/sparc/data/LTO/level1/BaHole2009/00_full_dataset/BaHole2009_2021_lv1_final.dat,/sparc/LTO/R_database/Time_series_preprocessing/sparcflags/shiny-server/LV1_Ba_flagger_update.R,1
Bayelva,BaHole2015,2015,/sparc/data/LTO/level1/BaHole2015/00_full_dataset/BaHole2015_2015_lv1_final.dat,/sparc/LTO/R_database/Time_series_preprocessing/sparcflags/shiny-server/LV1_Ba_flagger_update.R,1
Bayelva,BaHole2015,2016,/sparc/data/LTO/level1/BaHole2015/00_full_dataset/BaHole2015_2016_lv1_final.dat,/sparc/LTO/R_database/Time_series_preprocessing/sparcflags/shiny-server/LV1_Ba_flagger_update.R,1
Bayelva,BaHole2015,2017,/sparc/data/LTO/level1/BaHole2015/00_full_dataset/BaHole2015_2017_lv1_final.dat,/sparc/LTO/R_database/Time_series_preprocessing/sparcflags/shiny-server/LV1_Ba_flagger_update.R,1
Bayelva,BaHole2015,2018,/sparc/data/LTO/level1/BaHole2015/00_full_dataset/BaHole2015_2018_lv1_final.dat,/sparc/LTO/R_database/Time_series_preprocessing/sparcflags/shiny-server/LV1_Ba_flagger_update.R,1
Bayelva,BaHole2015,2019,/sparc/data/LTO/level1/BaHole2015/00_full_dataset/BaHole2015_2019_lv1_final.dat,/sparc/LTO/R_database/Time_series_preprocessing/sparcflags/shiny-server/LV1_Ba_flagger_update.R,1
Bayelva,BaHole2015,2020,/sparc/data/LTO/level1/BaHole2015/00_full_dataset/BaHole2015_2020_lv1_final.dat,/sparc/LTO/R_database/Time_series_preprocessing/sparcflags/shiny-server/LV1_Ba_flagger_update.R,1
Bayelva,BaHole2015,2021,/sparc/data/LTO/level1/BaHole2015/00_full_dataset/BaHole2015_2021_lv1_final.dat,/sparc/LTO/R_database/Time_series_preprocessing/sparcflags/shiny-server/LV1_Ba_flagger_update.R,1
Bayelva,BaHole2021,2021,/sparc/data/LTO/level1/BaHole2021/00_full_dataset/BaHole2021_2021_lv1_final.dat,/sparc/LTO/R_database/Time_series_preprocessing/sparcflags/shiny-server/LV1_Ba_flagger_update.R,1
Bayelva,BaSnow2013,2013,/sparc/data/LTO/level1/BaSnow2013/00_full_dataset/BaSnow2013_2013_lv1_final.dat,/sparc/LTO/R_database/Time_series_preprocessing/sparcflags/shiny-server/LV1_Ba_flagger_update.R,1
Bayelva,BaSnow2013,2014,/sparc/data/LTO/level1/BaSnow2013/00_full_dataset/BaSnow2013_2014_lv1_final.dat,/sparc/LTO/R_database/Time_series_preprocessing/sparcflags/shiny-server/LV1_Ba_flagger_update.R,1
Bayelva,BaSnow2013,2015,/sparc/data/LTO/level1/BaSnow2013/00_full_dataset/BaSnow2013_2015_lv1_final.dat,/sparc/LTO/R_database/Time_series_preprocessing/sparcflags/shiny-server/LV1_Ba_flagger_update.R,1
Bayelva,BaSnow2013,2016,/sparc/data/LTO/level1/BaSnow2013/00_full_dataset/BaSnow2013_2016_lv1_final.dat,/sparc/LTO/R_database/Time_series_preprocessing/sparcflags/shiny-server/LV1_Ba_flagger_update.R,1
Bayelva,BaSnow2013,2017,/sparc/data/LTO/level1/BaSnow2013/00_full_dataset/BaSnow2013_2017_lv1_final.dat,/sparc/LTO/R_database/Time_series_preprocessing/sparcflags/shiny-server/LV1_Ba_flagger_update.R,1
Bayelva,BaSnow2013,2018,/sparc/data/LTO/level1/BaSnow2013/00_full_dataset/BaSnow2013_2018_lv1_final.dat,/sparc/LTO/R_database/Time_series_preprocessing/sparcflags/shiny-server/LV1_Ba_flagger_update.R,1
Bayelva,BaSnow2013,2019,/sparc/data/LTO/level1/BaSnow2013/00_full_dataset/BaSnow2013_2019_lv1_final.dat,/sparc/LTO/R_database/Time_series_preprocessing/sparcflags/shiny-server/LV1_Ba_flagger_update.R,1
Bayelva,BaSnow2013,2020,/sparc/data/LTO/level1/BaSnow2013/00_full_dataset/BaSnow2013_2020_lv1_final.dat,/sparc/LTO/R_database/Time_series_preprocessing/sparcflags/shiny-server/LV1_Ba_flagger_update.R,1
Bayelva,BaSnow2013,2021,/sparc/data/LTO/level1/BaSnow2013/00_full_dataset/BaSnow2013_2021_lv1_final.dat,/sparc/LTO/R_database/Time_series_preprocessing/sparcflags/shiny-server/LV1_Ba_flagger_update.R,1
Bayelva,BaSnow2019sr,2019,/sparc/data/LTO/level1/BaSnow2019sr/00_full_dataset/BaSnow2019sr_2019_lv1_final.dat,/sparc/LTO/R_database/Time_series_preprocessing/sparcflags/shiny-server/LV1_Ba_flagger_update.R,1
Bayelva,BaSnow2019sr,2020,/sparc/data/LTO/level1/BaSnow2019sr/00_full_dataset/BaSnow2019sr_2020_lv1_final.dat,/sparc/LTO/R_database/Time_series_preprocessing/sparcflags/shiny-server/LV1_Ba_flagger_update.R,1
Bayelva,BaSnow2019sr,2021,/sparc/data/LTO/level1/BaSnow2019sr/00_full_dataset/BaSnow2019sr_2021_lv1_final.dat,/sparc/LTO/R_database/Time_series_preprocessing/sparcflags/shiny-server/LV1_Ba_flagger_update.R,1
Bayelva,BaSnow2019cs,2019,/sparc/data/LTO/level1/BaSnow2019cs/00_full_dataset/BaSnow2019cs_2019_lv1_final.dat,/sparc/LTO/R_database/Time_series_preprocessing/sparcflags/shiny-server/LV1_Ba_flagger_update.R,1
Bayelva,BaSnow2019cs,2020,/sparc/data/LTO/level1/BaSnow2019cs/00_full_dataset/BaSnow2019cs_2020_lv1_final.dat,/sparc/LTO/R_database/Time_series_preprocessing/sparcflags/shiny-server/LV1_Ba_flagger_update.R,1
Bayelva,BaSnow2019cs,2021,/sparc/data/LTO/level1/BaSnow2019cs/00_full_dataset/BaSnow2019cs_2021_lv1_final.dat,/sparc/LTO/R_database/Time_series_preprocessing/sparcflags/shiny-server/LV1_Ba_flagger_update.R,1
Bayelva,BaEddy2007,2007,/sparc/data/LTO/level1/BaEddy2007/00_full_dataset/BaEddy2007_2007_lv1_final.dat,/sparc/LTO/R_database/Time_series_preprocessing/sparcflags/shiny-server/LV1_Ba_flagger_update.R,1
Bayelva,BaEddy2007,2008,/sparc/data/LTO/level1/BaEddy2007/00_full_dataset/BaEddy2007_2008_lv1_final.dat,/sparc/LTO/R_database/Time_series_preprocessing/sparcflags/shiny-server/LV1_Ba_flagger_update.R,1
Bayelva,BaEddy2007,2009,/sparc/data/LTO/level1/BaEddy2007/00_full_dataset/BaEddy2007_2009_lv1_final.dat,/sparc/LTO/R_database/Time_series_preprocessing/sparcflags/shiny-server/LV1_Ba_flagger_update.R,1
Bayelva,BaEddy2007,2010,/sparc/data/LTO/level1/BaEddy2007/00_full_dataset/BaEddy2007_2010_lv1_final.dat,/sparc/LTO/R_database/Time_series_preprocessing/sparcflags/shiny-server/LV1_Ba_flagger_update.R,1
Bayelva,BaEddy2007,2011,/sparc/data/LTO/level1/BaEddy2007/00_full_dataset/BaEddy2007_2011_lv1_final.dat,/sparc/LTO/R_database/Time_series_preprocessing/sparcflags/shiny-server/LV1_Ba_flagger_update.R,1
Bayelva,BaEddy2007,2012,/sparc/data/LTO/level1/BaEddy2007/00_full_dataset/BaEddy2007_2012_lv1_final.dat,/sparc/LTO/R_database/Time_series_preprocessing/sparcflags/shiny-server/LV1_Ba_flagger_update.R,1
Bayelva,BaEddy2007,2013,/sparc/data/LTO/level1/BaEddy2007/00_full_dataset/BaEddy2007_2013_lv1_final.dat,/sparc/LTO/R_database/Time_series_preprocessing/sparcflags/shiny-server/LV1_Ba_flagger_update.R,1
Bayelva,BaEddy2007,2014,/sparc/data/LTO/level1/BaEddy2007/00_full_dataset/BaEddy2007_2014_lv1_final.dat,/sparc/LTO/R_database/Time_series_preprocessing/sparcflags/shiny-server/LV1_Ba_flagger_update.R,1
Bayelva,BaEddy2007,2015,/sparc/data/LTO/level1/BaEddy2007/00_full_dataset/BaEddy2007_2015_lv1_final.dat,/sparc/LTO/R_database/Time_series_preprocessing/sparcflags/shiny-server/LV1_Ba_flagger_update.R,1
Bayelva,BaEddy2007,2016,/sparc/data/LTO/level1/BaEddy2007/00_full_dataset/BaEddy2007_2016_lv1_final.dat,/sparc/LTO/R_database/Time_series_preprocessing/sparcflags/shiny-server/LV1_Ba_flagger_update.R,1
Bayelva,BaEddy2007,2017,/sparc/data/LTO/level1/BaEddy2007/00_full_dataset/BaEddy2007_2017_lv1_final.dat,/sparc/LTO/R_database/Time_series_preprocessing/sparcflags/shiny-server/LV1_Ba_flagger_update.R,1
Sardakh,SdHole2009,2009,/sparc/data/LTO/level1/SdHole2009/00_full_dataset/SdHole2009_2009_lv1_final.dat,/sparc/LTO/R_database/Time_series_preprocessing/sparcflags/shiny-server/LV1_Sd_flagger_update.R,1
Sardakh,SdHole2009,2010,/sparc/data/LTO/level1/SdHole2009/00_full_dataset/SdHole2009_2010_lv1_final.dat,/sparc/LTO/R_database/Time_series_preprocessing/sparcflags/shiny-server/LV1_Sd_flagger_update.R,1
Sardakh,SdHole2009,2011,/sparc/data/LTO/level1/SdHole2009/00_full_dataset/SdHole2009_2011_lv1_final.dat,/sparc/LTO/R_database/Time_series_preprocessing/sparcflags/shiny-server/LV1_Sd_flagger_update.R,1
Sardakh,SdHole2009,2012,/sparc/data/LTO/level1/SdHole2009/00_full_dataset/SdHole2009_2012_lv1_final.dat,/sparc/LTO/R_database/Time_series_preprocessing/sparcflags/shiny-server/LV1_Sd_flagger_update.R,1
Sardakh,SdHole2009,2013,/sparc/data/LTO/level1/SdHole2009/00_full_dataset/SdHole2009_2013_lv1_final.dat,/sparc/LTO/R_database/Time_series_preprocessing/sparcflags/shiny-server/LV1_Sd_flagger_update.R,1
Sardakh,SdHole2009,2014,/sparc/data/LTO/level1/SdHole2009/00_full_dataset/SdHole2009_2014_lv1_final.dat,/sparc/LTO/R_database/Time_series_preprocessing/sparcflags/shiny-server/LV1_Sd_flagger_update.R,1
Sardakh,SdHole2009,2015,/sparc/data/LTO/level1/SdHole2009/00_full_dataset/SdHole2009_2015_lv1_final.dat,/sparc/LTO/R_database/Time_series_preprocessing/sparcflags/shiny-server/LV1_Sd_flagger_update.R,1
Sardakh,SdHole2009,2016,/sparc/data/LTO/level1/SdHole2009/00_full_dataset/SdHole2009_2016_lv1_final.dat,/sparc/LTO/R_database/Time_series_preprocessing/sparcflags/shiny-server/LV1_Sd_flagger_update.R,1
Sardakh,SdHole2009,2017,/sparc/data/LTO/level1/SdHole2009/00_full_dataset/SdHole2009_2017_lv1_final.dat,/sparc/LTO/R_database/Time_series_preprocessing/sparcflags/shiny-server/LV1_Sd_flagger_update.R,1
Sardakh,SdHole2009,2018,/sparc/data/LTO/level1/SdHole2009/00_full_dataset/SdHole2009_2018_lv1_final.dat,/sparc/LTO/R_database/Time_series_preprocessing/sparcflags/shiny-server/LV1_Sd_flagger_update.R,1
Sardakh,SdHole2009,2019,/sparc/data/LTO/level1/SdHole2009/00_full_dataset/SdHole2009_2019_lv1_final.dat,/sparc/LTO/R_database/Time_series_preprocessing/sparcflags/shiny-server/LV1_Sd_flagger_update.R,1
TVC,TVCSoil2016,2016,/sparc/data/LTO/level1/TVCSoil2016/00_full_dataset/TVCSoil2016_2016_lv1_final.dat,/sparc/LTO/R_database/Time_series_preprocessing/sparcflags/shiny-server/LV1_TVC_flagger_update.R,1
TVC,TVCSoil2016,2017,/sparc/data/LTO/level1/TVCSoil2016/00_full_dataset/TVCSoil2016_2017_lv1_final.dat,/sparc/LTO/R_database/Time_series_preprocessing/sparcflags/shiny-server/LV1_TVC_flagger_update.R,1
TVC,TVCSoil2016,2018,/sparc/data/LTO/level1/TVCSoil2016/00_full_dataset/TVCSoil2016_2018_lv1_final.dat,/sparc/LTO/R_database/Time_series_preprocessing/sparcflags/shiny-server/LV1_TVC_flagger_update.R,1
TVC,TVCSoil2016,2019,/sparc/data/LTO/level1/TVCSoil2016/00_full_dataset/TVCSoil2016_2019_lv1_final.dat,/sparc/LTO/R_database/Time_series_preprocessing/sparcflags/shiny-server/LV1_TVC_flagger_update.R,1
TVC,TVCSoil2016,2020,/sparc/data/LTO/level1/TVCSoil2016/00_full_dataset/TVCSoil2016_2020_lv1_final.dat,/sparc/LTO/R_database/Time_series_preprocessing/sparcflags/shiny-server/LV1_TVC_flagger_update.R,1
TVC,TVCSoil2016,2021,/sparc/data/LTO/level1/TVCSoil2016/00_full_dataset/TVCSoil2016_2021_lv1_final.dat,/sparc/LTO/R_database/Time_series_preprocessing/sparcflags/shiny-server/LV1_TVC_flagger_update.R,1
TVC,TVCHole12015,2015,/sparc/data/LTO/level1/TVCHole12015/00_full_dataset/TVCHole12015_2015_lv1_final.dat,/sparc/LTO/R_database/Time_series_preprocessing/sparcflags/shiny-server/LV1_TVC_flagger_update.R,1
TVC,TVCHole12015,2016,/sparc/data/LTO/level1/TVCHole12015/00_full_dataset/TVCHole12015_2016_lv1_final.dat,/sparc/LTO/R_database/Time_series_preprocessing/sparcflags/shiny-server/LV1_TVC_flagger_update.R,1
TVC,TVCHole12015,2017,/sparc/data/LTO/level1/TVCHole12015/00_full_dataset/TVCHole12015_2017_lv1_final.dat,/sparc/LTO/R_database/Time_series_preprocessing/sparcflags/shiny-server/LV1_TVC_flagger_update.R,1
TVC,TVCHole12015,2018,/sparc/data/LTO/level1/TVCHole12015/00_full_dataset/TVCHole12015_2018_lv1_final.dat,/sparc/LTO/R_database/Time_series_preprocessing/sparcflags/shiny-server/LV1_TVC_flagger_update.R,1
TVC,TVCHole12015,2019,/sparc/data/LTO/level1/TVCHole12015/00_full_dataset/TVCHole12015_2019_lv1_final.dat,/sparc/LTO/R_database/Time_series_preprocessing/sparcflags/shiny-server/LV1_TVC_flagger_update.R,1
TVC,TVCHole12015,2020,/sparc/data/LTO/level1/TVCHole12015/00_full_dataset/TVCHole12015_2020_lv1_final.dat,/sparc/LTO/R_database/Time_series_preprocessing/sparcflags/shiny-server/LV1_TVC_flagger_update.R,1
TVC,TVCHole12015,2021,/sparc/data/LTO/level1/TVCHole12015/00_full_dataset/TVCHole12015_2021_lv1_final.dat,/sparc/LTO/R_database/Time_series_preprocessing/sparcflags/shiny-server/LV1_TVC_flagger_update.R,1
TVC,TVCHole22015,2015,/sparc/data/LTO/level1/TVCHole22015/00_full_dataset/TVCHole22015_2015_lv1_final.dat,/sparc/LTO/R_database/Time_series_preprocessing/sparcflags/shiny-server/LV1_TVC_flagger_update.R,1
TVC,TVCHole22015,2016,/sparc/data/LTO/level1/TVCHole22015/00_full_dataset/TVCHole22015_2016_lv1_final.dat,/sparc/LTO/R_database/Time_series_preprocessing/sparcflags/shiny-server/LV1_TVC_flagger_update.R,1
TVC,TVCHole22015,2017,/sparc/data/LTO/level1/TVCHole22015/00_full_dataset/TVCHole22015_2017_lv1_final.dat,/sparc/LTO/R_database/Time_series_preprocessing/sparcflags/shiny-server/LV1_TVC_flagger_update.R,1
TVC,TVCHole22015,2018,/sparc/data/LTO/level1/TVCHole22015/00_full_dataset/TVCHole22015_2018_lv1_final.dat,/sparc/LTO/R_database/Time_series_preprocessing/sparcflags/shiny-server/LV1_TVC_flagger_update.R,1
TVC,TVCHole22015,2019,/sparc/data/LTO/level1/TVCHole22015/00_full_dataset/TVCHole22015_2019_lv1_final.dat,/sparc/LTO/R_database/Time_series_preprocessing/sparcflags/shiny-server/LV1_TVC_flagger_update.R,1
TVC,TVCHole22015,2020,/sparc/data/LTO/level1/TVCHole22015/00_full_dataset/TVCHole22015_2020_lv1_final.dat,/sparc/LTO/R_database/Time_series_preprocessing/sparcflags/shiny-server/LV1_TVC_flagger_update.R,1
TVC,TVCHole22015,2021,/sparc/data/LTO/level1/TVCHole22015/00_full_dataset/TVCHole22015_2021_lv1_final.dat,/sparc/LTO/R_database/Time_series_preprocessing/sparcflags/shiny-server/LV1_TVC_flagger_update.R,1
TVC,TVCeccc,2015,/sparc/data/LTO/level1/TVCeccc/00_full_dataset/TVCeccc_2015_lv1_final.dat,/sparc/LTO/R_database/Time_series_preprocessing/sparcflags/shiny-server/LV1_TVC_flagger_update.R,1
TVC,TVCeccc,2016,/sparc/data/LTO/level1/TVCeccc/00_full_dataset/TVCeccc_2016_lv1_final.dat,/sparc/LTO/R_database/Time_series_preprocessing/sparcflags/shiny-server/LV1_TVC_flagger_update.R,1
TVC,TVCeccc,2017,/sparc/data/LTO/level1/TVCeccc/00_full_dataset/TVCeccc_2017_lv1_final.dat,/sparc/LTO/R_database/Time_series_preprocessing/sparcflags/shiny-server/LV1_TVC_flagger_update.R,1
TVC,TVCeccc,2018,/sparc/data/LTO/level1/TVCeccc/00_full_dataset/TVCeccc_2018_lv1_final.dat,/sparc/LTO/R_database/Time_series_preprocessing/sparcflags/shiny-server/LV1_TVC_flagger_update.R,1
TVC,TVCeccc,2019,/sparc/data/LTO/level1/TVCeccc/00_full_dataset/TVCeccc_2019_lv1_final.dat,/sparc/LTO/R_database/Time_series_preprocessing/sparcflags/shiny-server/LV1_TVC_flagger_update.R,1
TVC,TVCeccc,2020,/sparc/data/LTO/level1/TVCeccc/00_full_dataset/TVCeccc_2020_lv1_final.dat,/sparc/LTO/R_database/Time_series_preprocessing/sparcflags/shiny-server/LV1_TVC_flagger_update.R,1
TVC,TVCeccc,2021,/sparc/data/LTO/level1/TVCeccc/00_full_dataset/TVCeccc_2021_lv1_final.dat,/sparc/LTO/R_database/Time_series_preprocessing/sparcflags/shiny-server/LV1_TVC_flagger_update.R,1
Kurungnakh,KuQ12013,2013,/sparc/data/LTO/level1/KuQ12013/00_full_dataset/KuQ12013_2013_lv1_final.dat,/sparc/LTO/R_database/Time_series_preprocessing/sparcflags/shiny-server/LV1_Ku_flagger_update.R,1
Kurungnakh,KuQ12013,2014,/sparc/data/LTO/level1/KuQ12013/00_full_dataset/KuQ12013_2014_lv1_final.dat,/sparc/LTO/R_database/Time_series_preprocessing/sparcflags/shiny-server/LV1_Ku_flagger_update.R,1
Kurungnakh,KuQ12013,2015,/sparc/data/LTO/level1/KuQ12013/00_full_dataset/KuQ12013_2015_lv1_final.dat,/sparc/LTO/R_database/Time_series_preprocessing/sparcflags/shiny-server/LV1_Ku_flagger_update.R,1
Kurungnakh,KuQ12013,2016,/sparc/data/LTO/level1/KuQ12013/00_full_dataset/KuQ12013_2016_lv1_final.dat,/sparc/LTO/R_database/Time_series_preprocessing/sparcflags/shiny-server/LV1_Ku_flagger_update.R,1
Kurungnakh,KuQ12013,2017,/sparc/data/LTO/level1/KuQ12013/00_full_dataset/KuQ12013_2017_lv1_final.dat,/sparc/LTO/R_database/Time_series_preprocessing/sparcflags/shiny-server/LV1_Ku_flagger_update.R,1
Kurungnakh,KuQ12013,2018,/sparc/data/LTO/level1/KuQ12013/00_full_dataset/KuQ12013_2018_lv1_final.dat,/sparc/LTO/R_database/Time_series_preprocessing/sparcflags/shiny-server/LV1_Ku_flagger_update.R,1
Kurungnakh,KuLucky22014,2014,/sparc/data/LTO/level1/KuLucky22014/00_full_dataset/KuLucky22014_2014_lv1_final.dat,/sparc/LTO/R_database/Time_series_preprocessing/sparcflags/shiny-server/LV1_Ku_flagger_update.R,1
Kurungnakh,KuLucky22014,2015,/sparc/data/LTO/level1/KuLucky22014/00_full_dataset/KuLucky22014_2015_lv1_final.dat,/sparc/LTO/R_database/Time_series_preprocessing/sparcflags/shiny-server/LV1_Ku_flagger_update.R,1
Kurungnakh,KuLucky22014,2016,/sparc/data/LTO/level1/KuLucky22014/00_full_dataset/KuLucky22014_2016_lv1_final.dat,/sparc/LTO/R_database/Time_series_preprocessing/sparcflags/shiny-server/LV1_Ku_flagger_update.R,1
Kurungnakh,KuLucky22014,2017,/sparc/data/LTO/level1/KuLucky22014/00_full_dataset/KuLucky22014_2017_lv1_final.dat,/sparc/LTO/R_database/Time_series_preprocessing/sparcflags/shiny-server/LV1_Ku_flagger_update.R,1
Kurungnakh,KuLucky12013,2013,/sparc/data/LTO/level1/KuLucky12013/00_full_dataset/KuLucky12013_2013_lv1_final.dat,/sparc/LTO/R_database/Time_series_preprocessing/sparcflags/shiny-server/LV1_Ku_flagger_update.R,1
Kurungnakh,KuLucky12013,2014,/sparc/data/LTO/level1/KuLucky12013/00_full_dataset/KuLucky12013_2014_lv1_final.dat,/sparc/LTO/R_database/Time_series_preprocessing/sparcflags/shiny-server/LV1_Ku_flagger_update.R,1
Kurungnakh,KuLucky2013,2013,/sparc/data/LTO/level1/KuLucky2013/00_full_dataset/KuLucky2013_2013_lv1_final.dat,/sparc/LTO/R_database/Time_series_preprocessing/sparcflags/shiny-server/LV1_Ku_flagger_update.R,1
